column_a,column_b
1,1.3704468328324926
3,0.6518694031292607
2,-0.27892199827600034
4,1.1303840763611641
2,-1.709916816023308
6,-1.3799178611299947
2,0.23830293459396815
2,0.335665360222607
3,-0.3173329955663727
3,-2.100950616453422
