id,col_3
c,0.6632315015885979
b,0.6927380058914423
e,0.407319369725883
