column_a,column_b
3,1.083924477322495
4,0.41554905880730547
1,0.5867947467303077
2,-0.27725933660979313
2,0.5688738765319681
3,-0.9233587961492513
2,0.3910232728567733
2,-0.6313843548829938
2,1.4095519204012852
1,-1.201864775507799
