id,col_5
d,0.14146104641258717
c,0.5762180129531771
b,0.6553476301487535
