column_a,column_b
4,-0.7050667040868502
3,0.46414267302111273
2,0.19829063081410084
2,0.745729787243574
2,0.7700409219121832
2,1.25517097175715
5,-0.11234010248415696
2,0.21721945309711913
0,0.22270306442111812
4,-0.3920627780001028
