column_a,column_b
2,-0.47726149720492117
2,-0.7430901281654165
5,-0.488527933856585
2,0.4663352573885609
3,-0.5044024573365433
3,0.43547909000198026
7,1.7929518294034361
2,0.3061902086682938
2,1.823402644157293
2,0.9940600233403964
