id,col_4
a,0.47437103069387376
b,0.7710325308144093
