column_a,column_b
3,1.279694046191879
3,0.16940946637901833
1,0.9809927232717589
2,0.33296727340900856
4,0.5240166342262309
3,-0.588548887491398
2,-1.1420839913830694
6,-1.6879604940535258
4,-0.8074413609825388
4,-0.5963520411545545
